type,name,notice,furigana
燃やすごみ,アイスの棒（木製）,,あ
燃やすごみ,アイスの容器（紙製）,,あ
燃やすごみ,足ふきマット,30㎝程度に切る,あ
燃やすごみ,アタッシュケース（革と金属製）,,あ
燃やすごみ,油（食用）,固化剤で固めるか紙や布などに含ませる,あ
燃やすごみ,油絵,,あ
燃やすごみ,油紙,,あ
燃やすごみ,アルバム（写真用）,,あ
燃やすごみ,安全靴,,あ
燃やすごみ,糸,30㎝程度に切る,い
燃やすごみ,犬の首輪,,い
燃やすごみ,犬の服,,い
燃やすごみ,犬のリード,30㎝程度に切る,い
燃やすごみ,衣類（汚れている物）,30㎝程度に切る,い
燃やすごみ,入れ歯,,い
燃やすごみ,印鑑（木製）,,い
燃やすごみ,印鑑マット,,い
燃やすごみ,ウエス,,う
燃やすごみ,ウエットティッシュ,,う
燃やすごみ,うちわ,,う
燃やすごみ,エプロン,30㎝程度に切る,え
燃やすごみ,鉛筆,,え
燃やすごみ,オアシス（生け花用）,,お
燃やすごみ,オイル（食用）,固化剤で固めるか紙や布などに含ませる,お
燃やすごみ,桶（おけ）（木製）,,お
燃やすごみ,おしゃぶり,,お
燃やすごみ,帯,30㎝程度に切る,お
燃やすごみ,おむつ,,お
燃やすごみ,おむつカバー,,お
燃やすごみ,おもちゃ（木製）,,お
燃やすごみ,ガーゼ,,か
燃やすごみ,カーボン紙,,か
燃やすごみ,貝殻（かいがら）,,か
燃やすごみ,カイロ（使い捨て）,,か
燃やすごみ,額縁（外枠）,,か
燃やすごみ,掛け軸,,か
燃やすごみ,かご（木製）,,か
燃やすごみ,カスタネット（木製）,,か
燃やすごみ,肩たたき機（木製）,,か
燃やすごみ,カチューシャ,,か
燃やすごみ,カットバン,,か
燃やすごみ,かっぱ,30㎝程度に切る,か
燃やすごみ,カップラーメンのふた（プラスチック以外）,,か
燃やすごみ,カップラーメンの容器（プラスチック以外）,,か
燃やすごみ,かつら,,か
燃やすごみ,蚊取り線香,,か
燃やすごみ,蚊取りマット,,か
燃やすごみ,かばん,,か
燃やすごみ,壁紙,,か
燃やすごみ,紙おむつ,,か
燃やすごみ,紙コップ,,か
燃やすごみ,紙皿,,か
燃やすごみ,紙粘土,,か
燃やすごみ,紙パック（500ｍｌ未満製）,,か
燃やすごみ,紙やすり（サンドペーパー）,,か
燃やすごみ,ガムテープ,,か
燃やすごみ,換気扇フィルター,,か
燃やすごみ,乾燥剤,,か
燃やすごみ,感熱紙,,か
燃やすごみ,キーホルダー（布・革製）,,き
燃やすごみ,木くず,概ね厚さ1㎝未満かつ長さ30㎝未満,き
燃やすごみ,木槌（きづち）,,き
燃やすごみ,キッチンペーパー,,き
燃やすごみ,キッチンマット,30㎝程度に切る,き
燃やすごみ,牛乳パック（500ｍｌ未満）,,き
燃やすごみ,巾着袋（革・布製）,,き
燃やすごみ,草,１回の収集に１袋まで,く
燃やすごみ,串（木製）,,く
燃やすごみ,薬（錠剤等）の包装シート,,く
燃やすごみ,靴,,く
燃やすごみ,靴下,,く
燃やすごみ,クッション,30㎝程度に切る,く
燃やすごみ,靴べら（木製）,,く
燃やすごみ,クレヨン,,く
燃やすごみ,グローブ,,く
燃やすごみ,軍手,,く
燃やすごみ,蛍光ペン,,け
燃やすごみ,毛糸,,け
燃やすごみ,消しゴム,,け
燃やすごみ,下駄,,け
燃やすごみ,玄関マット（ゴムが使われている物）,,け
燃やすごみ,けん玉,,け
燃やすごみ,鯉のぼり,30㎝程度に切る,こ
燃やすごみ,黒板消し,,こ
燃やすごみ,コップ（紙製）,,こ
燃やすごみ,駒（こま）,,こ
燃やすごみ,ゴム手袋,,こ
燃やすごみ,コルク,,こ
燃やすごみ,コルクボード,,こ
燃やすごみ,ゴルフボール,,こ
燃やすごみ,コンタクトレンズ,,こ
燃やすごみ,財布,,さ
燃やすごみ,酒パック,,さ
燃やすごみ,サポーター,,さ
燃やすごみ,皿（紙製）,,さ
燃やすごみ,サラダ油（食用油）,固化剤で固めるか紙や布などに含ませる,さ
燃やすごみ,ざる（竹製）,,さ
燃やすごみ,サンダル,,さ
燃やすごみ,シーツ,30㎝程度に切る,し
燃やすごみ,シートカバー,30㎝程度に切る,し
燃やすごみ,シール,,し
燃やすごみ,地下足袋,,し
燃やすごみ,下着,,し
燃やすごみ,湿布,,し
燃やすごみ,写真,,し
燃やすごみ,写真立て（木製）,,し
燃やすごみ,しゃもじ（木製）,,し
燃やすごみ,数珠（じゅず）,,し
燃やすごみ,定規（竹製）,,し
燃やすごみ,将棋の駒（木製）,,し
燃やすごみ,将棋盤（木製）,板状でない物は「粗大ごみ」,し
燃やすごみ,錠剤シート,,し
燃やすごみ,消臭材,,し
燃やすごみ,食用油,固化剤で固めるか紙や布などに含ませる,し
燃やすごみ,除湿剤,,し
燃やすごみ,食器（紙・木製）,,し
燃やすごみ,スーツケース（革・プラスチック製）,,す
燃やすごみ,スカーフ,30㎝程度に切る,す
燃やすごみ,スタンプ（金属が使われてない物）,,す
燃やすごみ,ストッキング,30㎝程度に切る,す
燃やすごみ,スノーボード靴（布製）,,す
燃やすごみ,スパイクシューズ,外せる金具は取る,す
燃やすごみ,スプーン（木製）,,す
燃やすごみ,炭,,す
燃やすごみ,スリッパ,,す
燃やすごみ,生理用品,,せ
燃やすごみ,石鹸,,せ
燃やすごみ,セロハンテープ,,せ
燃やすごみ,扇子,,せ
燃やすごみ,選定枝,概ね1㎝以内、長さ30㎝の物,せ
燃やすごみ,造花（布が使われている物製）,,そ
燃やすごみ,掃除機用ごみパック,,そ
燃やすごみ,ぞうり,,そ
燃やすごみ,算盤,,そ
燃やすごみ,タオル,30㎝程度に切る,た
燃やすごみ,タオルケット,30㎝程度に切る,た
燃やすごみ,竹,概ね直径1㎝以内、長さ30㎝の物,た
燃やすごみ,脱臭剤,,た
燃やすごみ,たばこ（吸殻）,,た
燃やすごみ,たばこの内包装（銀紙）,,た
燃やすごみ,たわし,,た
燃やすごみ,茶殻,,ち
燃やすごみ,茶せん（木製）,30㎝程度に切る,ち
燃やすごみ,茶筒（木製）,,ち
燃やすごみ,茶碗（木製）,,ち
燃やすごみ,彫刻刀,,ち
燃やすごみ,提灯（ちょうちん）,,ち
燃やすごみ,チョーク,,ち
燃やすごみ,杖（木製）,,つ
燃やすごみ,使い捨てカイロ,,つ
燃やすごみ,爪楊枝（つまようじ）,,つ
燃やすごみ,積み木（木製）,,つ
燃やすごみ,ティーパック,,て
燃やすごみ,テッシュペーパー,,て
燃やすごみ,テーブルクロス（布製）,30㎝程度に切る,て
燃やすごみ,テニスボール,,て
燃やすごみ,テニスラケット（金属が使われてない物）,,て
燃やすごみ,手袋,,て
燃やすごみ,天ぷら油,固化剤で固めるか紙や布などに含ませる,て
燃やすごみ,透析パック,30㎝程度に切る,と
燃やすごみ,トランプ（紙製）,,と
燃やすごみ,鳥かご（木製）,,と
燃やすごみ,長靴,,な
燃やすごみ,鍋敷き（布製）,,な
燃やすごみ,鍋つかみ,,な
燃やすごみ,縄（わら）,30㎝程度に切る,な
燃やすごみ,人形（布製）,,に
燃やすごみ,ぬいぐるみ,30㎝程度に切る,ぬ
燃やすごみ,布きれ,30㎝程度に切る,ぬ
燃やすごみ,ネクタイ,,ね
燃やすごみ,粘着テープ,,ね
燃やすごみ,粘土（紙粘土）,,ね
燃やすごみ,暖簾（のれん）,30㎝程度に切る,の
燃やすごみ,葉,,は
燃やすごみ,バインダー（紙・金属製）,,は
燃やすごみ,刷毛（はけ）,,は
燃やすごみ,羽子板（はごいた）,,は
燃やすごみ,箸（はし）（木製）,,は
燃やすごみ,バスマット,,は
燃やすごみ,はたき,,は
燃やすごみ,バドミントンのシャトル,,は
燃やすごみ,花火,湿らせて出す,は
燃やすごみ,歯ブラシ,,は
燃やすごみ,ハンガー（木・金属製）,,は
燃やすごみ,ハンカチ,,は
燃やすごみ,ハンコ（印鑑）（木製）,,は
燃やすごみ,絆創膏（ばんそうこう）,,は
燃やすごみ,ハンドルカバー,,は
燃やすごみ,ハンマー（ゴム・木製）,,は
燃やすごみ,ビニールテープ,,ひ
燃やすごみ,ひも（麻・わら製）,31㎝程度に切る,ひ
燃やすごみ,風船（紙製）,,ふ
燃やすごみ,風船（ゴム製）,,ふ
燃やすごみ,笛（木製）,,ふ
燃やすごみ,フォーク（食事用）（木製）,,ふ
燃やすごみ,袋（布・革製）,,ふ
燃やすごみ,筆,,ふ
燃やすごみ,筆箱（ふでばこ）（布・木製）,,ふ
燃やすごみ,布団カバー,30㎝程度に切る,ふ
燃やすごみ,ブラシ（木製）,,ふ
燃やすごみ,風呂敷（布製）,30㎝程度に切る,ふ
燃やすごみ,風呂の椅子（木製）,,ふ
燃やすごみ,ペットフードの袋（紙製）,,へ
燃やすごみ,ペット用トイレの砂,,へ
燃やすごみ,ベルト,30㎝程度に切る,へ
燃やすごみ,便座カバー,,へ
燃やすごみ,ほうき（木製）,,ほ
燃やすごみ,帽子,,ほ
燃やすごみ,包帯,,ほ
燃やすごみ,防虫剤,,ほ
燃やすごみ,ボール（スポーツ用品）（ゴム・布製）,,ほ
燃やすごみ,ボタン（木製）,,ほ
燃やすごみ,保冷剤,,ほ
燃やすごみ,盆（木製）,,ほ
燃やすごみ,マーカーペン,,ま
燃やすごみ,麻雀マット,,ま
燃やすごみ,枕,30㎝程度に切る,ま
燃やすごみ,マスク,,ま
燃やすごみ,マッチ,湿らせて出す,ま
燃やすごみ,まな板（木製）,,ま
燃やすごみ,マフラー,30㎝程度に切る,ま
燃やすごみ,マラカス,,ま
燃やすごみ,耳かき（竹製）,,み
燃やすごみ,虫かご（竹製）,,む
燃やすごみ,名刺入れ（革製）,,め
燃やすごみ,綿棒,,め
燃やすごみ,楊枝（ようじ）,,よ
燃やすごみ,ラケット（金属が使われてない物）,,ら
燃やすごみ,ランチョンマット（布製）,,ら
燃やすごみ,ランドセル,外せる金具は取る,ら
燃やすごみ,リード（犬のリード）,30㎝程度に切る,り
燃やすごみ,リュックサック,外せる金具は取る,り
燃やすごみ,リングノート,,り
燃やすごみ,冷却シート（冷却枕）,,れ
燃やすごみ,レシート,,れ
燃やすごみ,ろうそく,,ろ
燃やすごみ,ロウ引きの紙,,ろ
燃やすごみ,ロープ（ビニール以外）,30㎝程度に切る,ろ
燃やすごみ,輪ゴム,,わ
燃やすごみ,綿棒,,わ
燃やすごみ,ワッペン（布製）,,わ
燃やすごみ,わら製品（民芸品など）,,わ
燃やすごみ,割り箸,,わ
プラスチック類,アイスの棒（プラスチック製）,,あ
プラスチック類,アイスの容器（プラスチック製）,,あ
プラスチック類,味付け海苔の容器（プラスチック製）,,あ
プラスチック類,油さし（プラスチック製）,,あ
プラスチック類,網（農業用・漁業用以外）（ビニール・ナイロン製）,30㎝程度に切る,あ
プラスチック類,泡だて器（プラスチック製）,,あ
プラスチック類,移植ゴテ（プラスチック製）,,い
プラスチック類,衣類カバー（プラスチック製）,,い
プラスチック類,印鑑（プラスチック製）,,い
プラスチック類,植木鉢（植木ポット）（プラスチック製）,,う
プラスチック類,浮き輪（ビニール製）,,う
プラスチック類,絵具の容器（プラスチック製）,,え
プラスチック類,桶（おけ）（プラスチック製）,,お
プラスチック類,おたま（プラスチック製）,,お
プラスチック類,おもちゃ（プラスチック製）,,お
プラスチック類,おろし金（プラスチック製）,,お
プラスチック類,カード（プラスチック製）,,か
プラスチック類,カーラー（プラスチック製）,,か
プラスチック類,買い物袋（レジ袋）,,か
プラスチック類,額縁（外枠）,,か
プラスチック類,かご（プラスチック製）,,か
プラスチック類,カスタネット（プラスチック製）,,か
プラスチック類,肩たたき機（プラスチック製）,,か
プラスチック類,カップ麺の袋、フィルム,,か
プラスチック類,カップラーメンのふた（プラスチック製）,,か
プラスチック類,カップラーメンの容器（プラスティック製）,,か
プラスチック類,花瓶（プラスチック製）,,か
プラスチック類,緩衝材（かんしょうざい）（プラスチック製）,,か
プラスチック類,キャップ（ふた）（プラスチック製）,,き
プラスチック類,給油ポンプ（プラスチック製）,,き
プラスチック類,霧吹き（プラスチック製）,,き
プラスチック類,金魚鉢（プラスチック製）,,き
プラスチック類,クーラーボックス（発砲スチロール製）,,く
プラスチック類,串（プラスチック製）,,く
プラスチック類,薬のプラスチック容器,,く
プラスチック類,口紅（プラスチック製）,,く
プラスチック類,靴べら（プラスチック製）,,く
プラスチック類,クリアファイル,,く
プラスチック類,クリスマスツリー（プラスチック製）,,く
プラスチック類,クリスマスツリーの飾り（プラスチック製）,,く
プラスチック類,クリップ（プラスチック製）,,く
プラスチック類,計量カップ（プラスチック製）,,け
プラスチック類,計量スプーン（プラスチック製）,,け
プラスチック類,ケース（プラスチック製）,,け
プラスチック類,化粧品の容器（プラスチック製）,,け
プラスチック類,毛染め液の容器,,け
プラスチック類,玄関マット（プラスチック製）,,け
プラスチック類,工具箱（プラスチック製）,,こ
プラスチック類,ゴーグル（プラスチック製）,,こ
プラスチック類,コーン（プラスチック製）,,こ
プラスチック類,コップ（プラスチック製）,,こ
プラスチック類,ごみ箱（プラスチック製）,,こ
プラスチック類,皿（プラスチック製）,,さ
プラスチック類,サラダ油（食用油）の容器（プラスチック製）,,さ
プラスチック類,ざる（プラスチック製）,,さ
プラスチック類,三角コーナー（プラスチック製）,,さ
プラスチック類,CD（コンパクトリスク）,,し
プラスチック類,下敷き,,し
プラスチック類,写真立て（プラスチック製）,,し
プラスチック類,写真のネガフィルム,,し
プラスチック類,しゃもじ（プラスチック製）,,し
プラスチック類,シャンプー・リンス等の容器,ボンプノズルは金属類,し
プラスチック類,シャンプーハット,,し
プラスチック類,定規（プラスチック製）,,し
プラスチック類,将棋の駒（プラスチック製）,,し
プラスチック類,将棋盤（プラスチック製）,,し
プラスチック類,醤油さし（プラスチック製）,,し
プラスチック類,じょうろ（プラスチック製）,,し
プラスチック類,食用油の容器（プラスチック製）,,し
プラスチック類,食器（プラスチック製）,,し
プラスチック類,人工芝（プラスチック製）,,し
プラスチック類,水槽（収集袋に入る）（アクリル製）,,す
プラスチック類,水中眼鏡（プラスチック製）,,す
プラスチック類,水筒（プラスチック製）,,す
プラスチック類,ストロー（プラスチック製）,,す
プラスチック類,スプーン（プラスチック製）,,す
プラスチック類,スポンジ,,す
プラスチック類,石油ポンプ（プラスチック製）,,せ
プラスチック類,接着剤の容器（プラスチック製）,,せ
プラスチック類,洗剤の容器（プラスチック製）,,せ
プラスチック類,洗面器（プラスチック製）,,せ
プラスチック類,造花（プラスチック製）,,そ
プラスチック類,たばこの箱の外装フィルム,,た
プラスチック類,チェーン（くさり）（プラスチック製）,,ち
プラスチック類,茶筒（プラスチック製）,,ち
プラスチック類,茶碗（プラスチック製）,,ち
プラスチック類,チューブ（容器）（プラスチック製）,,ち
プラスチック類,ちり取り（プラスチック製）,,ち
プラスチック類,積み木（プラスチック製）,,つ
プラスチック類,釣り糸,30㎝程度に切る,つ
プラスチック類,DVDディスク,,て
プラスチック類,テーブルクロス（ビニール製）,30㎝程度に切る,て
プラスチック類,デスクマット（ビニール製）,,て
プラスチック類,トタン（プラスチック製）,,と
プラスチック類,トランプ（プラスチック製）,,と
プラスチック類,トレイ（プラスチック製）,,と
プラスチック類,トロ箱（発砲スチロール製）,,と
プラスチック類,トロフィー（プラスチック製）,,と
プラスチック類,納豆のパック,,な
プラスチック類,波板（プラスチック）,,な
プラスチック類,人形（プラスチック製）,,に
プラスチック類,人形ケース（プラスチック製）,,に
プラスチック類,ネガ,,ね
プラスチック類,ネット（ビニール製）,,ね
プラスチック類,パイプ（プラスチック製）,,は
プラスチック類,ハエたたき（プラスチック製）,,は
プラスチック類,バケツ（プラスチック製）,,は
プラスチック類,箸（はし）（プラスチック製）,,は
プラスチック類,鉢（はち）（プラスチック製）,,は
プラスチック類,発砲スチロール,,は
プラスチック類,歯磨き粉のチューブ（プラスチック製）,中身は使い切る,は
プラスチック類,パレット（絵画用）（プラスチック製）,,は
プラスチック類,ハンガー（プラスチック製）,,は
プラスチック類,ハンコ（印鑑）（プラスチック製）,,は
プラスチック類,ハンマー（プラスチック製）,,は
プラスチック類,ビート板,,ひ
プラスチック類,ビールケース（プラスチック製）,,ひ
プラスチック類,ビニールシート,,ひ
プラスチック類,ビニール手袋,,ひ
プラスチック類,ビニールプール,,ひ
プラスチック類,ひも（ビニール製）,30㎝程度に切る,ひ
プラスチック類,肥料袋（プラスチック製）,農業で使用した物は「産業廃棄物」,ひ
プラスチック類,ファイル（プラスチック製）,,ふ
プラスチック類,フィルム（ネガ）,,ふ
プラスチック類,フィルム（ネガ）ケース,,ふ
プラスチック類,笛（プラスチック製）,,ふ
プラスチック類,フォーク（食事用）（プラスチック製）,,ふ
プラスチック類,袋（ビニール製）,,ふ
プラスチック類,筆箱（ふでばこ）（プラスチック製）,,ふ
プラスチック類,ブラシ（プラスチック製）,,ふ
プラスチック類,プラモデル,,ふ
プラスチック類,プランター,,ふ
プラスチック類,ブルーシート,金属は取り除く,ふ
プラスチック類,風呂敷（ビニール製）,,ふ
プラスチック類,風呂の椅子（プラスチック製）,,ふ
プラスチック類,ペットフードの袋（プラスチック製）,,へ
プラスチック類,ペットボトルのふた,,へ
プラスチック類,弁当箱（プラスチック製）,,へ
プラスチック類,ほうき（プラスチック製）,,ほ
プラスチック類,ボール（台所用品）（プラスチック製）,,ほ
プラスチック類,ボール（スポーツ用品）（プラスチック製）,,ほ
プラスチック類,ボタン（プラスチック製）,,ほ
プラスチック類,ポリタンク（プラスチック製）,,ほ
プラスチック類,ポリバケツ,,ほ
プラスチック類,盆（プラスチック製）,,ほ
プラスチック類,マウスパッド（プラスチック製）,,ま
プラスチック類,マジック（プラスチック製）,,ま
プラスチック類,まな板（プラスチック製）,,ま
プラスチック類,耳かき（プラスチック製）,,み
プラスチック類,虫かご（プラスチック製）,,む
プラスチック類,虫眼鏡（プラスチック製）,,む
プラスチック類,名刺入れ（プラスチック製）,,め
プラスチック類,メガホン（プラスチック製）,,め
プラスチック類,郵便受け（ポスト）（プラスチック製）,,ゆ
プラスチック類,湯たんぽ（プラスチック製）,,ゆ
プラスチック類,ラップ（食品梱包）,,ら
プラスチック類,ランチョンマット（プラスチック製）,,ら
プラスチック類,リコーダー（笛）（プラスチック製）,,り
プラスチック類,ルーズリーフファイル（プラスチック製）,,る
プラスチック類,レーザーディスク,,れ
プラスチック類,レコード盤,,れ
プラスチック類,レジ袋（買い物袋）,,れ
プラスチック類,レジャーシート（プラスチック製）,金属は取り除く,れ
プラスチック類,レトルトパック,,れ
プラスチック類,レンゲ（プラスチック製）,,れ
プラスチック類,ロープ（ビニール製）,30㎝程度に切る,ろ
缶類、ダンボール,アルミ缶（飲料用）,,缶類
缶類、ダンボール,缶（飲料用）,,缶類
缶類、ダンボール,菓子箱（縦横30㎝以上）（紙製）,,ダンボール
缶類、ダンボール,紙箱（縦横30㎝以上）,,ダンボール
缶類、ダンボール,ダンボール,,ダンボール
書籍/雑誌/冊子、<br>牛乳パック、金属類,絵本,,書籍・雑誌・冊子
書籍/雑誌/冊子、<br>牛乳パック、金属類,カタログ,ホッチキスやのり付けしてある物,書籍・雑誌・冊子
書籍/雑誌/冊子、<br>牛乳パック、金属類,辞典,,書籍・雑誌・冊子
書籍/雑誌/冊子、<br>牛乳パック、金属類,単行本,,書籍・雑誌・冊子
書籍/雑誌/冊子、<br>牛乳パック、金属類,手帳,,書籍・雑誌・冊子
書籍/雑誌/冊子、<br>牛乳パック、金属類,電話帳,,書籍・雑誌・冊子
書籍/雑誌/冊子、<br>牛乳パック、金属類,ノート,,書籍・雑誌・冊子
書籍/雑誌/冊子、<br>牛乳パック、金属類,本,,書籍・雑誌・冊子
書籍/雑誌/冊子、<br>牛乳パック、金属類,マンガ本,,書籍・雑誌・冊子
書籍/雑誌/冊子、<br>牛乳パック、金属類,紙パック（500ｍｌ以上）,,牛乳パック
書籍/雑誌/冊子、<br>牛乳パック、金属類,牛乳パック（500ｍｌ以上）,,牛乳パック
書籍/雑誌/冊子、<br>牛乳パック、金属類,IH調理器,,金属類 - あ
書籍/雑誌/冊子、<br>牛乳パック、金属類,アイスピック,紙などで包み収集袋に「刃物あり」と記入,金属類 - あ
書籍/雑誌/冊子、<br>牛乳パック、金属類,アイロン,,金属類 - あ
書籍/雑誌/冊子、<br>牛乳パック、金属類,アコーディオン（楽器）,,金属類 - あ
書籍/雑誌/冊子、<br>牛乳パック、金属類,アタッシュケース（金属とプラスチック製）,,金属類 - あ
書籍/雑誌/冊子、<br>牛乳パック、金属類,アダプター（電源用）,,金属類 - あ
書籍/雑誌/冊子、<br>牛乳パック、金属類,圧力鍋,,金属類 - あ
書籍/雑誌/冊子、<br>牛乳パック、金属類,油さし（金属が使われている物）,,金属類 - あ
書籍/雑誌/冊子、<br>牛乳パック、金属類,アルミ缶（飲料用以外）,,金属類 - あ
書籍/雑誌/冊子、<br>牛乳パック、金属類,アルミ箔,,金属類 - あ
書籍/雑誌/冊子、<br>牛乳パック、金属類,アルミホイール（自動車用）,タイヤは受入れしない,金属類 - あ
書籍/雑誌/冊子、<br>牛乳パック、金属類,アルミホイル,,金属類 - あ
書籍/雑誌/冊子、<br>牛乳パック、金属類,泡だて器（金属が使われている物）,,金属類 - あ
書籍/雑誌/冊子、<br>牛乳パック、金属類,安全ピン,,金属類 - あ
書籍/雑誌/冊子、<br>牛乳パック、金属類,アンテナ,,金属類 - あ
書籍/雑誌/冊子、<br>牛乳パック、金属類,アンテナ線,,金属類 - あ
書籍/雑誌/冊子、<br>牛乳パック、金属類,アンプ,,金属類 - あ
書籍/雑誌/冊子、<br>牛乳パック、金属類,移植ゴテ（金属が使われている物）,,金属類 - い
書籍/雑誌/冊子、<br>牛乳パック、金属類,一斗缶（18ℓ缶）,中に物を入れない,金属類 - い
書籍/雑誌/冊子、<br>牛乳パック、金属類,犬のリード（チェーン）（金属製）,,金属類 - い
書籍/雑誌/冊子、<br>牛乳パック、金属類,イヤホン,,金属類 - い
書籍/雑誌/冊子、<br>牛乳パック、金属類,イヤリング,,金属類 - い
書籍/雑誌/冊子、<br>牛乳パック、金属類,衣類カバー（金属が使われている物）,,金属類 - い
書籍/雑誌/冊子、<br>牛乳パック、金属類,印鑑（金属製）,,金属類 - い
書籍/雑誌/冊子、<br>牛乳パック、金属類,インクカートリッジ,できるだけ販売店に返却,金属類 - い
書籍/雑誌/冊子、<br>牛乳パック、金属類,インクリボン,,金属類 - い
書籍/雑誌/冊子、<br>牛乳パック、金属類,インターホン,,金属類 - い
書籍/雑誌/冊子、<br>牛乳パック、金属類,インラインスケート,,金属類 - い
書籍/雑誌/冊子、<br>牛乳パック、金属類,腕時計,,金属類 - う
書籍/雑誌/冊子、<br>牛乳パック、金属類,映写機,,金属類 - え
書籍/雑誌/冊子、<br>牛乳パック、金属類,板切りばさみ,,金属類 - え
書籍/雑誌/冊子、<br>牛乳パック、金属類,絵具の容器（金属製）,,金属類 - え
書籍/雑誌/冊子、<br>牛乳パック、金属類,MD（ミニディスク）,,金属類 - え
書籍/雑誌/冊子、<br>牛乳パック、金属類,延長コード,,金属類 - え
書籍/雑誌/冊子、<br>牛乳パック、金属類,鉛筆削り,,金属類 - え
書籍/雑誌/冊子、<br>牛乳パック、金属類,オーディオ（音楽プレイヤー）,,金属類 - お
書籍/雑誌/冊子、<br>牛乳パック、金属類,オーブントースター,,金属類 - お
書籍/雑誌/冊子、<br>牛乳パック、金属類,オーブンレンジ,,金属類 - お
書籍/雑誌/冊子、<br>牛乳パック、金属類,桶（おけ）（金属が使われている物）,,金属類 - お
書籍/雑誌/冊子、<br>牛乳パック、金属類,押しピン,紙などで包み収集袋に「刃物あり」と記入,金属類 - お
書籍/雑誌/冊子、<br>牛乳パック、金属類,おたま（金属が使われている物）,,金属類 - お
書籍/雑誌/冊子、<br>牛乳パック、金属類,おもちゃ（金属が使われている物）,,金属類 - お
書籍/雑誌/冊子、<br>牛乳パック、金属類,折りたたみ傘,,金属類 - お
書籍/雑誌/冊子、<br>牛乳パック、金属類,オルゴール,,金属類 - お
書籍/雑誌/冊子、<br>牛乳パック、金属類,おろし金（金属製）,,金属類 - お
書籍/雑誌/冊子、<br>牛乳パック、金属類,温度計（デジタル）,,金属類 - お
書籍/雑誌/冊子、<br>牛乳パック、金属類,温風ヒーター,,金属類 - お
書籍/雑誌/冊子、<br>牛乳パック、金属類,カーオーディオ,,金属類 - か
書籍/雑誌/冊子、<br>牛乳パック、金属類,カーナビ,,金属類 - か
書籍/雑誌/冊子、<br>牛乳パック、金属類,カーペットローラー,,金属類 - か
書籍/雑誌/冊子、<br>牛乳パック、金属類,カーラー（金属が使われている物）,,金属類 - か
書籍/雑誌/冊子、<br>牛乳パック、金属類,懐中電灯（ライト）,,金属類 - か
書籍/雑誌/冊子、<br>牛乳パック、金属類,鍵,,金属類 - か
書籍/雑誌/冊子、<br>牛乳パック、金属類,拡声器,,金属類 - か
書籍/雑誌/冊子、<br>牛乳パック、金属類,額縁（外枠）,,金属類 - か
書籍/雑誌/冊子、<br>牛乳パック、金属類,かご（金属が使われている物製）,,金属類 - か
書籍/雑誌/冊子、<br>牛乳パック、金属類,傘,袋からはみ出してもよい,金属類 - か
書籍/雑誌/冊子、<br>牛乳パック、金属類,加湿器,,金属類 - か
書籍/雑誌/冊子、<br>牛乳パック、金属類,菓子箱（金属製）,,金属類 - か
書籍/雑誌/冊子、<br>牛乳パック、金属類,ガス給湯器,,金属類 - か
書籍/雑誌/冊子、<br>牛乳パック、金属類,ガスコンロ,,金属類 - か
書籍/雑誌/冊子、<br>牛乳パック、金属類,カセットコンロ,,金属類 - か
書籍/雑誌/冊子、<br>牛乳パック、金属類,カセットコンロ用ガスボンベ,使い切って穴を開ける,金属類 - か
書籍/雑誌/冊子、<br>牛乳パック、金属類,カセットテープ,できるだけケースに入れる,金属類 - か
書籍/雑誌/冊子、<br>牛乳パック、金属類,カセットデッキ,,金属類 - か
書籍/雑誌/冊子、<br>牛乳パック、金属類,ガソリン携帯缶,中は空にする,金属類 - か
書籍/雑誌/冊子、<br>牛乳パック、金属類,肩たたき機（金属が使われている物）,,金属類 - か
書籍/雑誌/冊子、<br>牛乳パック、金属類,カッターナイフ,,金属類 - か
書籍/雑誌/冊子、<br>牛乳パック、金属類,カッターナイフの刃,紙などで包み、収集袋に「刃物あり」と記入,金属類 - か
書籍/雑誌/冊子、<br>牛乳パック、金属類,金槌（かなづち）,,金属類 - か
書籍/雑誌/冊子、<br>牛乳パック、金属類,画びょう,,金属類 - か
書籍/雑誌/冊子、<br>牛乳パック、金属類,花瓶（金属製）,,金属類 - か
書籍/雑誌/冊子、<br>牛乳パック、金属類,鎌,紙などで包み、収集袋に「刃物あり」と記入,金属類 - か
書籍/雑誌/冊子、<br>牛乳パック、金属類,釜,,金属類 - か
書籍/雑誌/冊子、<br>牛乳パック、金属類,カミソリ,紙などで包み、収集袋に「刃物あり」と記入,金属類 - か
書籍/雑誌/冊子、<br>牛乳パック、金属類,カミソリの刃,紙などで包み、収集袋に「刃物あり」と記入,金属類 - か
書籍/雑誌/冊子、<br>牛乳パック、金属類,カメラ,,金属類 - か
書籍/雑誌/冊子、<br>牛乳パック、金属類,刈払い機の刃,,金属類 - か
書籍/雑誌/冊子、<br>牛乳パック、金属類,缶（飲料用以外）（金属製）,,金属類 - か
書籍/雑誌/冊子、<br>牛乳パック、金属類,換気扇,,金属類 - か
書籍/雑誌/冊子、<br>牛乳パック、金属類,換気扇カバー,,金属類 - か
書籍/雑誌/冊子、<br>牛乳パック、金属類,缶切り,,金属類 - か
書籍/雑誌/冊子、<br>牛乳パック、金属類,乾燥機（布団乾燥機）,,金属類 - か
書籍/雑誌/冊子、<br>牛乳パック、金属類,缶詰,,金属類 - か
書籍/雑誌/冊子、<br>牛乳パック、金属類,乾電池,,金属類 - か
書籍/雑誌/冊子、<br>牛乳パック、金属類,カンナ,,金属類 - か
書籍/雑誌/冊子、<br>牛乳パック、金属類,キーボード（パソコン用）,,金属類 - き
書籍/雑誌/冊子、<br>牛乳パック、金属類,キーホルダー（金属とプラスチック製）,,金属類 - き
書籍/雑誌/冊子、<br>牛乳パック、金属類,キャップ（ふた）（金属製）,,金属類 - き
書籍/雑誌/冊子、<br>牛乳パック、金属類,急須（きゅうす）（金属製）,,金属類 - き
書籍/雑誌/冊子、<br>牛乳パック、金属類,給湯機（ガス給湯器）,,金属類 - き
書籍/雑誌/冊子、<br>牛乳パック、金属類,吸入器,,金属類 - き
書籍/雑誌/冊子、<br>牛乳パック、金属類,給油ポンプ（電気式）,,金属類 - き
書籍/雑誌/冊子、<br>牛乳パック、金属類,きり,紙などで包み、収集袋に「刃物あり」と記入,金属類 - き
書籍/雑誌/冊子、<br>牛乳パック、金属類,霧吹き（金属が使われている物）,,金属類 - き
書籍/雑誌/冊子、<br>牛乳パック、金属類,金庫,,金属類 - き
書籍/雑誌/冊子、<br>牛乳パック、金属類,空気入れ（自転車用）,,金属類 - く
書籍/雑誌/冊子、<br>牛乳パック、金属類,空気清浄機,,金属類 - く
書籍/雑誌/冊子、<br>牛乳パック、金属類,クーラーボックス（金属が使われている物）,,金属類 - く
書籍/雑誌/冊子、<br>牛乳パック、金属類,釘（くぎ）類,紙などで包み、収集袋に「刃物あり」と記入,金属類 - く
書籍/雑誌/冊子、<br>牛乳パック、金属類,草刈機の刃（刈払い機の刃）,紙などで包み、収集袋に「刃物あり」と記入,金属類 - く
書籍/雑誌/冊子、<br>牛乳パック、金属類,串（金属が使われている物）,,金属類 - く
書籍/雑誌/冊子、<br>牛乳パック、金属類,口紅（金属が使われている物）,,金属類 - く
書籍/雑誌/冊子、<br>牛乳パック、金属類,クッキングタイマー,,金属類 - く
書籍/雑誌/冊子、<br>牛乳パック、金属類,靴べら（金属製）,,金属類 - く
書籍/雑誌/冊子、<br>牛乳パック、金属類,熊手（道具）,,金属類 - く
書籍/雑誌/冊子、<br>牛乳パック、金属類,クリスマスツリーの飾り（金属が使われている物）,,金属類 - く
書籍/雑誌/冊子、<br>牛乳パック、金属類,クリップ（金属が使われている物）,,金属類 - く
書籍/雑誌/冊子、<br>牛乳パック、金属類,計算機,,金属類 - け
書籍/雑誌/冊子、<br>牛乳パック、金属類,携帯音楽プレーヤー,,金属類 - け
書籍/雑誌/冊子、<br>牛乳パック、金属類,携帯ゲーム機,,金属類 - け
書籍/雑誌/冊子、<br>牛乳パック、金属類,携帯電話,,金属類 - け
書籍/雑誌/冊子、<br>牛乳パック、金属類,計量カップ（金属製）,,金属類 - け
書籍/雑誌/冊子、<br>牛乳パック、金属類,計量スプーン（金属製）,,金属類 - け
書籍/雑誌/冊子、<br>牛乳パック、金属類,ケース（金属が使われている物製）,,金属類 - け
書籍/雑誌/冊子、<br>牛乳パック、金属類,ゲーム機（家庭用）,,金属類 - け
書籍/雑誌/冊子、<br>牛乳パック、金属類,ゲームソフト,,金属類 - け
書籍/雑誌/冊子、<br>牛乳パック、金属類,化粧品の容器（金属製）,,金属類 - け
書籍/雑誌/冊子、<br>牛乳パック、金属類,血圧計,水銀が使われている物は「蛍光管・体温計」,金属類 - け
書籍/雑誌/冊子、<br>牛乳パック、金属類,ケトル（やかん）,,金属類 - け
書籍/雑誌/冊子、<br>牛乳パック、金属類,毛抜き,,金属類 - け
書籍/雑誌/冊子、<br>牛乳パック、金属類,玄関マット（金属が使われている物）,,金属類 - け
書籍/雑誌/冊子、<br>牛乳パック、金属類,剣山（けんざん）,,金属類 - け
書籍/雑誌/冊子、<br>牛乳パック、金属類,顕微鏡,,金属類 - け
書籍/雑誌/冊子、<br>牛乳パック、金属類,工具箱（金属製）,,金属類 - こ
書籍/雑誌/冊子、<br>牛乳パック、金属類,ゴーグル（金属が使われている物）,,金属類 - こ
書籍/雑誌/冊子、<br>牛乳パック、金属類,コードリール（ドラム）,,金属類 - こ
書籍/雑誌/冊子、<br>牛乳パック、金属類,コーヒーメーカー,,金属類 - こ
書籍/雑誌/冊子、<br>牛乳パック、金属類,コップ（金属が使われている物）,,金属類 - こ
書籍/雑誌/冊子、<br>牛乳パック、金属類,粉ミルクの缶,,金属類 - こ
書籍/雑誌/冊子、<br>牛乳パック、金属類,ごみ箱（金属が使われている物）,,金属類 - こ
書籍/雑誌/冊子、<br>牛乳パック、金属類,コルク抜き,,金属類 - こ
書籍/雑誌/冊子、<br>牛乳パック、金属類,コンパス（文具）,,金属類 - こ
書籍/雑誌/冊子、<br>牛乳パック、金属類,コンパス（方位計）,,金属類 - こ
書籍/雑誌/冊子、<br>牛乳パック、金属類,コンポスト（電気式）,,金属類 - こ
書籍/雑誌/冊子、<br>牛乳パック、金属類,コンロ（ガスコンロ）,,金属類 - こ
書籍/雑誌/冊子、<br>牛乳パック、金属類,サーキュレーター,,金属類 - さ
書籍/雑誌/冊子、<br>牛乳パック、金属類,殺虫剤（くん煙式）の容器（金属製）,使い切って出す,金属類 - さ
書籍/雑誌/冊子、<br>牛乳パック、金属類,殺虫剤のスプレー缶,使い切って穴を開ける,金属類 - さ
書籍/雑誌/冊子、<br>牛乳パック、金属類,皿（金属製）,,金属類 - さ
書籍/雑誌/冊子、<br>牛乳パック、金属類,ざる（金属が使われている物）,,金属類 - さ
書籍/雑誌/冊子、<br>牛乳パック、金属類,三角コーナー（金属製）,,金属類 - さ
書籍/雑誌/冊子、<br>牛乳パック、金属類,三脚（カメラやビデオのスタンド）,,金属類 - さ
書籍/雑誌/冊子、<br>牛乳パック、金属類,サングラス,,金属類 - さ
書籍/雑誌/冊子、<br>牛乳パック、金属類,サンダー（電気式ヤスリ機）,,金属類 - さ
書籍/雑誌/冊子、<br>牛乳パック、金属類,CDラジカセ,,金属類 - し
書籍/雑誌/冊子、<br>牛乳パック、金属類,シェーバー（電気式髭剃り器）,,金属類 - し
書籍/雑誌/冊子、<br>牛乳パック、金属類,温度計（ジデタル）,,金属類 - し
書籍/雑誌/冊子、<br>牛乳パック、金属類,室内アンテナ,,金属類 - し
書籍/雑誌/冊子、<br>牛乳パック、金属類,室内物干し,,金属類 - し
書籍/雑誌/冊子、<br>牛乳パック、金属類,芝刈り機の替え刃,,金属類 - し
書籍/雑誌/冊子、<br>牛乳パック、金属類,シャープペンシル,,金属類 - し
書籍/雑誌/冊子、<br>牛乳パック、金属類,蛇口,,金属類 - し
書籍/雑誌/冊子、<br>牛乳パック、金属類,ジャッキ,,金属類 - し
書籍/雑誌/冊子、<br>牛乳パック、金属類,ジューサー・ミキサー,,金属類 - し
書籍/雑誌/冊子、<br>牛乳パック、金属類,充電式電池,できるだけ別袋に小分けして収集袋に入れる,金属類 - し
書籍/雑誌/冊子、<br>牛乳パック、金属類,瞬間湯沸かし器,,金属類 - し
書籍/雑誌/冊子、<br>牛乳パック、金属類,定規（金属製）,,金属類 - し
書籍/雑誌/冊子、<br>牛乳パック、金属類,将棋盤（金属が使われている物）,,金属類 - し
書籍/雑誌/冊子、<br>牛乳パック、金属類,消臭スプレーの缶,使い切って穴を開ける,金属類 - し
書籍/雑誌/冊子、<br>牛乳パック、金属類,浄水器,,金属類 - し
書籍/雑誌/冊子、<br>牛乳パック、金属類,照明器具,,金属類 - し
書籍/雑誌/冊子、<br>牛乳パック、金属類,じょうろ（金属製）,,金属類 - し
書籍/雑誌/冊子、<br>牛乳パック、金属類,食用油の容器（金属製）,,金属類 - し
書籍/雑誌/冊子、<br>牛乳パック、金属類,除湿機,,金属類 - し
書籍/雑誌/冊子、<br>牛乳パック、金属類,食器（金属製）,,金属類 - し
書籍/雑誌/冊子、<br>牛乳パック、金属類,水温計（デジタル）,,金属類 - す
書籍/雑誌/冊子、<br>牛乳パック、金属類,水筒（金属製）,,金属類 - す
書籍/雑誌/冊子、<br>牛乳パック、金属類,炊飯器,,金属類 - す
書籍/雑誌/冊子、<br>牛乳パック、金属類,スーツケース（金属とプラスチック製）,,金属類 - す
書籍/雑誌/冊子、<br>牛乳パック、金属類,スキー靴,,金属類 - す
書籍/雑誌/冊子、<br>牛乳パック、金属類,スキャナー,,金属類 - す
書籍/雑誌/冊子、<br>牛乳パック、金属類,スケート靴,,金属類 - す
書籍/雑誌/冊子、<br>牛乳パック、金属類,スケートボード,,金属類 - す
書籍/雑誌/冊子、<br>牛乳パック、金属類,スタンプ（金属が使われている物）,,金属類 - す
書籍/雑誌/冊子、<br>牛乳パック、金属類,スタンプ台,,金属類 - す
書籍/雑誌/冊子、<br>牛乳パック、金属類,ストップウォッチ,,金属類 - す
書籍/雑誌/冊子、<br>牛乳パック、金属類,スノーボード靴,,金属類 - す
書籍/雑誌/冊子、<br>牛乳パック、金属類,スパナ（工具）,,金属類 - す
書籍/雑誌/冊子、<br>牛乳パック、金属類,スピーカー,,金属類 - す
書籍/雑誌/冊子、<br>牛乳パック、金属類,スプーン（金属製）,,金属類 - す
書籍/雑誌/冊子、<br>牛乳パック、金属類,スプレー缶,使い切って穴を開ける,金属類 - す
書籍/雑誌/冊子、<br>牛乳パック、金属類,石油ポンプ（金属が使われている物）,,金属類 - せ
書籍/雑誌/冊子、<br>牛乳パック、金属類,接着剤の容器（金属製）,,金属類 - せ
書籍/雑誌/冊子、<br>牛乳パック、金属類,洗濯ばさみ,,金属類 - せ
書籍/雑誌/冊子、<br>牛乳パック、金属類,栓抜き,,金属類 - せ
書籍/雑誌/冊子、<br>牛乳パック、金属類,洗面器（金属製）,,金属類 - せ
書籍/雑誌/冊子、<br>牛乳パック、金属類,造花（金属が使われている物）,,金属類 - そ
書籍/雑誌/冊子、<br>牛乳パック、金属類,双眼鏡,,金属類 - そ
書籍/雑誌/冊子、<br>牛乳パック、金属類,体温計（電子体温計）,,金属類 - た
書籍/雑誌/冊子、<br>牛乳パック、金属類,体脂肪計,,金属類 - た
書籍/雑誌/冊子、<br>牛乳パック、金属類,体重計（ヘルスメーター）,,金属類 - た
書籍/雑誌/冊子、<br>牛乳パック、金属類,タイヤチェーン,,金属類 - た
書籍/雑誌/冊子、<br>牛乳パック、金属類,タブレット端末,PCリサイクルマークがある物はメーカー回収,金属類 - た
書籍/雑誌/冊子、<br>牛乳パック、金属類,タンバリン,,金属類 - た
書籍/雑誌/冊子、<br>牛乳パック、金属類,ダンベル,,金属類 - た
書籍/雑誌/冊子、<br>牛乳パック、金属類,チェーン（くさり）（金属製）,,金属類 - ち
書籍/雑誌/冊子、<br>牛乳パック、金属類,地球儀,,金属類 - ち
書籍/雑誌/冊子、<br>牛乳パック、金属類,茶こし（金属製）,,金属類 - ち
書籍/雑誌/冊子、<br>牛乳パック、金属類,茶筒（金属製）,,金属類 - ち
書籍/雑誌/冊子、<br>牛乳パック、金属類,チューナー,,金属類 - ち
書籍/雑誌/冊子、<br>牛乳パック、金属類,チューブ（容器）（金属製）,,金属類 - ち
書籍/雑誌/冊子、<br>牛乳パック、金属類,ちり取り（金属製）,,金属類 - ち
書籍/雑誌/冊子、<br>牛乳パック、金属類,杖（金属が使われている物）,,金属類 - つ
書籍/雑誌/冊子、<br>牛乳パック、金属類,つめ切り,,金属類 - つ
書籍/雑誌/冊子、<br>牛乳パック、金属類,釣り針,紙などで包み、収集袋に「刃物あり」と記入,金属類 - つ
書籍/雑誌/冊子、<br>牛乳パック、金属類,DVDプレーヤー,,金属類 - て
書籍/雑誌/冊子、<br>牛乳パック、金属類,テーブルタップ,,金属類 - て
書籍/雑誌/冊子、<br>牛乳パック、金属類,テープレコーダー,,金属類 - て
書籍/雑誌/冊子、<br>牛乳パック、金属類,デジタルカメラ,,金属類 - て
書籍/雑誌/冊子、<br>牛乳パック、金属類,鉄アレイ,,金属類 - て
書籍/雑誌/冊子、<br>牛乳パック、金属類,鉄ホイール(自動車用),,金属類 - て
書籍/雑誌/冊子、<br>牛乳パック、金属類,テニスラケット（金属が使われている物）,,金属類 - て
書籍/雑誌/冊子、<br>牛乳パック、金属類,テレビゲーム機,,金属類 - て
書籍/雑誌/冊子、<br>牛乳パック、金属類,電気あんか,,金属類 - て
書籍/雑誌/冊子、<br>牛乳パック、金属類,電気蚊取り器,,金属類 - て
書籍/雑誌/冊子、<br>牛乳パック、金属類,電気カミソリ,,金属類 - て
書籍/雑誌/冊子、<br>牛乳パック、金属類,電気コード,,金属類 - て
書籍/雑誌/冊子、<br>牛乳パック、金属類,電気コード,,金属類 - て
書籍/雑誌/冊子、<br>牛乳パック、金属類,電気こたつ,,金属類 - て
書籍/雑誌/冊子、<br>牛乳パック、金属類,電気ストーブ,,金属類 - て
書籍/雑誌/冊子、<br>牛乳パック、金属類,電気ポット,,金属類 - て
書籍/雑誌/冊子、<br>牛乳パック、金属類,電子体温計,,金属類 - て
書籍/雑誌/冊子、<br>牛乳パック、金属類,電磁調理器,,金属類 - て
書籍/雑誌/冊子、<br>牛乳パック、金属類,電子手帳,,金属類 - て
書籍/雑誌/冊子、<br>牛乳パック、金属類,電飾コード,電飾球は「埋立ごみ」,金属類 - て
書籍/雑誌/冊子、<br>牛乳パック、金属類,電子レンジ,,金属類 - て
書籍/雑誌/冊子、<br>牛乳パック、金属類,電卓,,金属類 - て
書籍/雑誌/冊子、<br>牛乳パック、金属類,電池（ボタン、リチウム、充電式）,できるだけ別袋に小分けして収集袋に入れる,金属類 - て
書籍/雑誌/冊子、<br>牛乳パック、金属類,電動工具,,金属類 - て
書籍/雑誌/冊子、<br>牛乳パック、金属類,電動歯ブラシ,,金属類 - て
書籍/雑誌/冊子、<br>牛乳パック、金属類,電話機,,金属類 - て
書籍/雑誌/冊子、<br>牛乳パック、金属類,ドアノブ,,金属類 - と
書籍/雑誌/冊子、<br>牛乳パック、金属類,投光器,電球は「リサイクルステーション」,金属類 - と
書籍/雑誌/冊子、<br>牛乳パック、金属類,トースター,,金属類 - と
書籍/雑誌/冊子、<br>牛乳パック、金属類,時計,,金属類 - と
書籍/雑誌/冊子、<br>牛乳パック、金属類,トタン（金属製）,,金属類 - と
書籍/雑誌/冊子、<br>牛乳パック、金属類,ドライバー（工具）,,金属類 - と
書籍/雑誌/冊子、<br>牛乳パック、金属類,ドライヤー,,金属類 - と
書籍/雑誌/冊子、<br>牛乳パック、金属類,ドラム（コードリール）,,金属類 - と
書籍/雑誌/冊子、<br>牛乳パック、金属類,トランシーバー,,金属類 - と
書籍/雑誌/冊子、<br>牛乳パック、金属類,鳥かご（金属製）,,金属類 - と
書籍/雑誌/冊子、<br>牛乳パック、金属類,塗料の容器（金属製）,,金属類 - と
書籍/雑誌/冊子、<br>牛乳パック、金属類,ドリル（電動ドリル）,,金属類 - と
書籍/雑誌/冊子、<br>牛乳パック、金属類,ドリル（電動ドリル）の刃,紙などで包み、収集袋に「刃物あり」と記入,金属類 - と
書籍/雑誌/冊子、<br>牛乳パック、金属類,トレイ（金属製）,,金属類 - と
書籍/雑誌/冊子、<br>牛乳パック、金属類,トロフィー（金属が使われている物）,,金属類 - と
書籍/雑誌/冊子、<br>牛乳パック、金属類,ナイフ,紙などで包み、収集袋に「刃物あり」と記入,金属類 - な
書籍/雑誌/冊子、<br>牛乳パック、金属類,鉈（なた）,紙などで包み、収集袋に「刃物あり」と記入,金属類 - な
書籍/雑誌/冊子、<br>牛乳パック、金属類,ナット,,金属類 - な
書籍/雑誌/冊子、<br>牛乳パック、金属類,鍋（金属製）,,金属類 - な
書籍/雑誌/冊子、<br>牛乳パック、金属類,鍋敷き（金属が使われている物）,,金属類 - な
書籍/雑誌/冊子、<br>牛乳パック、金属類,鍋のふた（金属製）,,金属類 - な
書籍/雑誌/冊子、<br>牛乳パック、金属類,波板（とたん）,,金属類 - な
書籍/雑誌/冊子、<br>牛乳パック、金属類,ニッパー,,金属類 - に
書籍/雑誌/冊子、<br>牛乳パック、金属類,人形（金属が使われている物）,,金属類 - に
書籍/雑誌/冊子、<br>牛乳パック、金属類,ネジ,,金属類 - ね
書籍/雑誌/冊子、<br>牛乳パック、金属類,ネックレス,,金属類 - ね
書籍/雑誌/冊子、<br>牛乳パック、金属類,のこぎり,,金属類 - の
書籍/雑誌/冊子、<br>牛乳パック、金属類,のみ,,金属類 - の
書籍/雑誌/冊子、<br>牛乳パック、金属類,ハーモニカ,,金属類 - は
書籍/雑誌/冊子、<br>牛乳パック、金属類,灰皿（金属製）,,金属類 - は
書籍/雑誌/冊子、<br>牛乳パック、金属類,パイプ（金属製）,,金属類 - は
書籍/雑誌/冊子、<br>牛乳パック、金属類,パイプレンチ,,金属類 - は
書籍/雑誌/冊子、<br>牛乳パック、金属類,バインダー（プラスチックと金属製）,,金属類 - は
書籍/雑誌/冊子、<br>牛乳パック、金属類,ハエたたき（金属が使われている物）,,金属類 - は
書籍/雑誌/冊子、<br>牛乳パック、金属類,秤（はかり）,,金属類 - は
書籍/雑誌/冊子、<br>牛乳パック、金属類,バケツ（金属製）,,金属類 - は
書籍/雑誌/冊子、<br>牛乳パック、金属類,ハサミ（枝切り）,紙などで包み、収集袋に「刃物あり」と記入,金属類 - は
書籍/雑誌/冊子、<br>牛乳パック、金属類,ハサミ（文具）,紙などで包み、収集袋に「刃物あり」と記入,金属類 - は
書籍/雑誌/冊子、<br>牛乳パック、金属類,箸（はし）（金属が使われている物）,,金属類 - は
書籍/雑誌/冊子、<br>牛乳パック、金属類,バスポンプ,,金属類 - は
書籍/雑誌/冊子、<br>牛乳パック、金属類,歯ブラシ（電動歯ブラシ）,,金属類 - は
書籍/雑誌/冊子、<br>牛乳パック、金属類,歯磨き粉のチューブ（金属製）,中身は使い切る,金属類 - は
書籍/雑誌/冊子、<br>牛乳パック、金属類,針,紙などで包み、収集袋に「刃物あり」と記入,金属類 - は
書籍/雑誌/冊子、<br>牛乳パック、金属類,針金,,金属類 - は
書籍/雑誌/冊子、<br>牛乳パック、金属類,ハロゲンヒーター,,金属類 - は
書籍/雑誌/冊子、<br>牛乳パック、金属類,ハンガー（金属製）,,金属類 - は
書籍/雑誌/冊子、<br>牛乳パック、金属類,ハンコ（印鑑）（金属製）,,金属類 - は
書籍/雑誌/冊子、<br>牛乳パック、金属類,ハンドミキサー,,金属類 - は
書籍/雑誌/冊子、<br>牛乳パック、金属類,ハンマー（金属が使われている物）,,金属類 - は
書籍/雑誌/冊子、<br>牛乳パック、金属類,ピアス,,金属類 - ひ
書籍/雑誌/冊子、<br>牛乳パック、金属類,ピアニカ,,金属類 - ひ
書籍/雑誌/冊子、<br>牛乳パック、金属類,髭剃り器（電気式）,,金属類 - ひ
書籍/雑誌/冊子、<br>牛乳パック、金属類,ビデオカメラ,,金属類 - ひ
書籍/雑誌/冊子、<br>牛乳パック、金属類,ビデオテープ,できるだけケースに入れる,金属類 - ひ
書籍/雑誌/冊子、<br>牛乳パック、金属類,ビデオデッキ,,金属類 - ひ
書籍/雑誌/冊子、<br>牛乳パック、金属類,火ばさみ,,金属類 - ひ
書籍/雑誌/冊子、<br>牛乳パック、金属類,ピンセット,,金属類 - ひ
書籍/雑誌/冊子、<br>牛乳パック、金属類,ファイル（金属が使われている物）,,金属類 - ふ
書籍/雑誌/冊子、<br>牛乳パック、金属類,ファックス,,金属類 - ふ
書籍/雑誌/冊子、<br>牛乳パック、金属類,ブースターケーブル（自動車用）,,金属類 - ふ
書籍/雑誌/冊子、<br>牛乳パック、金属類,風鈴（金属が使われている物）,,金属類 - ふ
書籍/雑誌/冊子、<br>牛乳パック、金属類,笛（金属製）,,金属類 - ふ
書籍/雑誌/冊子、<br>牛乳パック、金属類,フォーク（食事用）（金属製）,,金属類 - ふ
書籍/雑誌/冊子、<br>牛乳パック、金属類,筆箱（ふでばこ）（金属が使われている物）,,金属類 - ふ
書籍/雑誌/冊子、<br>牛乳パック、金属類,布団乾燥機,,金属類 - ふ
書籍/雑誌/冊子、<br>牛乳パック、金属類,布団ばさみ,,金属類 - ふ
書籍/雑誌/冊子、<br>牛乳パック、金属類,フライパン,,金属類 - ふ
書籍/雑誌/冊子、<br>牛乳パック、金属類,ブラシ（金属製）,,金属類 - ふ
書籍/雑誌/冊子、<br>牛乳パック、金属類,プリンター,,金属類 - ふ
書籍/雑誌/冊子、<br>牛乳パック、金属類,フロッピーディスク,,金属類 - ふ
書籍/雑誌/冊子、<br>牛乳パック、金属類,文鎮（ぶんちん）（金属製）,,金属類 - ふ
書籍/雑誌/冊子、<br>牛乳パック、金属類,ヘアスピレーの缶,使い切って穴を開ける,金属類 - へ
書籍/雑誌/冊子、<br>牛乳パック、金属類,ヘアピン,,金属類 - へ
書籍/雑誌/冊子、<br>牛乳パック、金属類,ヘッドホン,,金属類 - へ
書籍/雑誌/冊子、<br>牛乳パック、金属類,ヘルスメーター（体重計）,,金属類 - へ
書籍/雑誌/冊子、<br>牛乳パック、金属類,ヘルメット,,金属類 - へ
書籍/雑誌/冊子、<br>牛乳パック、金属類,ペンキの容器,中身は使い切る,金属類 - へ
書籍/雑誌/冊子、<br>牛乳パック、金属類,ペンチ（工具）,,金属類 - へ
書籍/雑誌/冊子、<br>牛乳パック、金属類,弁当箱（金属が使われている物）,,金属類 - へ
書籍/雑誌/冊子、<br>牛乳パック、金属類,ペンライト,,金属類 - へ
書籍/雑誌/冊子、<br>牛乳パック、金属類,ホイール（自動車用）,タイヤは「受入れしない」,金属類 - ほ
書籍/雑誌/冊子、<br>牛乳パック、金属類,ホイールカバー（自動車用）,,金属類 - ほ
書籍/雑誌/冊子、<br>牛乳パック、金属類,望遠鏡,,金属類 - ほ
書籍/雑誌/冊子、<br>牛乳パック、金属類,ほうき（金属が使われている物）,,金属類 - ほ
書籍/雑誌/冊子、<br>牛乳パック、金属類,包丁,紙などで包み、収集袋に「刃物あり」と記入,金属類 - ほ
書籍/雑誌/冊子、<br>牛乳パック、金属類,包丁とぎ器,,金属類 - ほ
書籍/雑誌/冊子、<br>牛乳パック、金属類,ホースリール（金属が使われている物）,ホースは「埋立ごみ」,金属類 - ほ
書籍/雑誌/冊子、<br>牛乳パック、金属類,ボール（台所用品）（金属製）,,金属類 - ほ
書籍/雑誌/冊子、<br>牛乳パック、金属類,ボールペン,,金属類 - ほ
書籍/雑誌/冊子、<br>牛乳パック、金属類,ホーロー鍋,,金属類 - ほ
書籍/雑誌/冊子、<br>牛乳パック、金属類,ボタン（金属が使われている物）,,金属類 - ほ
書籍/雑誌/冊子、<br>牛乳パック、金属類,ボタン電池,できるだけ別袋に小分けして収集袋に入れる,金属類 - ほ
書籍/雑誌/冊子、<br>牛乳パック、金属類,補聴器,,金属類 - ほ
書籍/雑誌/冊子、<br>牛乳パック、金属類,ホッチキス,,金属類 - ほ
書籍/雑誌/冊子、<br>牛乳パック、金属類,ポット,,金属類 - ほ
書籍/雑誌/冊子、<br>牛乳パック、金属類,ホットプレート,,金属類 - ほ
書籍/雑誌/冊子、<br>牛乳パック、金属類,ポラロイドカメラ,,金属類 - ほ
書籍/雑誌/冊子、<br>牛乳パック、金属類,ボルト,,金属類 - ほ
書籍/雑誌/冊子、<br>牛乳パック、金属類,ホワイトボード,,金属類 - ほ
書籍/雑誌/冊子、<br>牛乳パック、金属類,盆（金属が使われている物）,,金属類 - ほ
書籍/雑誌/冊子、<br>牛乳パック、金属類,マイク,,金属類 - ま
書籍/雑誌/冊子、<br>牛乳パック、金属類,マウス（パソコン用品）,,金属類 - ま
書籍/雑誌/冊子、<br>牛乳パック、金属類,巻尺,,金属類 - ま
書籍/雑誌/冊子、<br>牛乳パック、金属類,マジック（金属が使われている物）,,金属類 - ま
書籍/雑誌/冊子、<br>牛乳パック、金属類,魔法瓶,,金属類 - ま
書籍/雑誌/冊子、<br>牛乳パック、金属類,万年筆,,金属類 - ま
書籍/雑誌/冊子、<br>牛乳パック、金属類,万歩計,,金属類 - ま
書籍/雑誌/冊子、<br>牛乳パック、金属類,ミキサー,,金属類 - み
書籍/雑誌/冊子、<br>牛乳パック、金属類,ミシン,,金属類 - み
書籍/雑誌/冊子、<br>牛乳パック、金属類,ミニカー,,金属類 - み
書籍/雑誌/冊子、<br>牛乳パック、金属類,ミニディスク（ＭＤ）,,金属類 - み
書籍/雑誌/冊子、<br>牛乳パック、金属類,耳かき（金属が使われている物）,,金属類 - み
書籍/雑誌/冊子、<br>牛乳パック、金属類,ミルク缶,,金属類 - み
書籍/雑誌/冊子、<br>牛乳パック、金属類,虫かご（金属が使われている物）,,金属類 - む
書籍/雑誌/冊子、<br>牛乳パック、金属類,蒸し器,,金属類 - む
書籍/雑誌/冊子、<br>牛乳パック、金属類,無線機,,金属類 - む
書籍/雑誌/冊子、<br>牛乳パック、金属類,名刺入れ（金属製）,,金属類 - め
書籍/雑誌/冊子、<br>牛乳パック、金属類,眼鏡（めがね）,,金属類 - め
書籍/雑誌/冊子、<br>牛乳パック、金属類,眼鏡（めがね）ケース（金属が使われている物）,,金属類 - め
書籍/雑誌/冊子、<br>牛乳パック、金属類,メガホン（金属が使われている物）,,金属類 - め
書籍/雑誌/冊子、<br>牛乳パック、金属類,目覚まし時計,,金属類 - め
書籍/雑誌/冊子、<br>牛乳パック、金属類,メジャー,,金属類 - め
書籍/雑誌/冊子、<br>牛乳パック、金属類,餅つき機（電気式）,,金属類 - も
書籍/雑誌/冊子、<br>牛乳パック、金属類,やかん（ケトル）,,金属類 - や
書籍/雑誌/冊子、<br>牛乳パック、金属類,やすり,,金属類 - や
書籍/雑誌/冊子、<br>牛乳パック、金属類,ＵＳＢメモリー,,金属類 - ゆ
書籍/雑誌/冊子、<br>牛乳パック、金属類,郵便受け（ポスト）（金属製）,,金属類 - ゆ
書籍/雑誌/冊子、<br>牛乳パック、金属類,湯たんぽ（金属製）,,金属類 - ゆ
書籍/雑誌/冊子、<br>牛乳パック、金属類,湯沸かし器,,金属類 - ゆ
書籍/雑誌/冊子、<br>牛乳パック、金属類,ライター,中身は使い切る,金属類 - ら
書籍/雑誌/冊子、<br>牛乳パック、金属類,ライター用オイル缶,中身は使い切る,金属類 - ら
書籍/雑誌/冊子、<br>牛乳パック、金属類,ライター用ガス缶,使い切って穴を開ける,金属類 - ら
書籍/雑誌/冊子、<br>牛乳パック、金属類,ライト（懐中電灯）,,金属類 - ら
書籍/雑誌/冊子、<br>牛乳パック、金属類,ラケット（金属が使われている物）,,金属類 - ら
書籍/雑誌/冊子、<br>牛乳パック、金属類,ラジオ,,金属類 - ら
書籍/雑誌/冊子、<br>牛乳パック、金属類,ラジカセ,,金属類 - ら
書籍/雑誌/冊子、<br>牛乳パック、金属類,ラジコン,,金属類 - ら
書籍/雑誌/冊子、<br>牛乳パック、金属類,ラベルプリンター,,金属類 - ら
書籍/雑誌/冊子、<br>牛乳パック、金属類,ラベルプリンター（テープカートリッジ）,,金属類 - ら
書籍/雑誌/冊子、<br>牛乳パック、金属類,ランタン,,金属類 - ら
書籍/雑誌/冊子、<br>牛乳パック、金属類,ランチジャー,,金属類 - ら
書籍/雑誌/冊子、<br>牛乳パック、金属類,リール（釣り具）,,金属類 - り
書籍/雑誌/冊子、<br>牛乳パック、金属類,リチウム電池,できるだけ別袋に小分けして収集袋に入れる,金属類 - り
書籍/雑誌/冊子、<br>牛乳パック、金属類,リモコン,,金属類 - り
書籍/雑誌/冊子、<br>牛乳パック、金属類,ルアー（つり用）,紙などで包み、収集袋に「刃物あり」と記入,金属類 - る
書籍/雑誌/冊子、<br>牛乳パック、金属類,ルーズリーフファイル（金属が使われている物）,,金属類 - る
書籍/雑誌/冊子、<br>牛乳パック、金属類,ルーター（パソコン用）,,金属類 - る
書籍/雑誌/冊子、<br>牛乳パック、金属類,レコードプレーヤー,,金属類 - れ
書籍/雑誌/冊子、<br>牛乳パック、金属類,レンジ（ガスレンジ）,,金属類 - れ
書籍/雑誌/冊子、<br>牛乳パック、金属類,レンジフード,,金属類 - れ
書籍/雑誌/冊子、<br>牛乳パック、金属類,レンチ,,金属類 - れ
書籍/雑誌/冊子、<br>牛乳パック、金属類,老眼鏡,,金属類 - ろ
書籍/雑誌/冊子、<br>牛乳パック、金属類,ろうそく立て,,金属類 - ろ
書籍/雑誌/冊子、<br>牛乳パック、金属類,ローラースケート,,金属類 - ろ
書籍/雑誌/冊子、<br>牛乳パック、金属類,ワープロ,,金属類 - わ
書籍/雑誌/冊子、<br>牛乳パック、金属類,ワープロ用リボン,,金属類 - わ
書籍/雑誌/冊子、<br>牛乳パック、金属類,ワイパー,,金属類 - わ
書籍/雑誌/冊子、<br>牛乳パック、金属類,ワイヤー,,金属類 - わ
書籍/雑誌/冊子、<br>牛乳パック、金属類,ワッシャー,,金属類 - わ
書籍/雑誌/冊子、<br>牛乳パック、金属類,ワッペン（金属が使われている物）,,金属類 - わ
ビン類、ペットボトル,味付け海苔の容器（びん（ガラス））,,ビン類（飲食用）
ビン類、ペットボトル,一升瓶,できるだけ販売店に返却,ビン類（飲食用）
ビン類、ペットボトル,牛乳瓶,できるだけ販売店に返却,ビン類（飲食用）
ビン類、ペットボトル,食用油の容器（びん（ガラス））,,ビン類（飲食用）
ビン類、ペットボトル,ビール瓶,できるだけ販売店に返却,ビン類（飲食用）
ビン類、ペットボトル,びん（飲食用）,,ビン類（飲食用）
ビン類、ペットボトル,ペットボトル,,ペットボトル
新聞・チラシ、埋立ごみ,新聞紙（新聞折込チラシ含む）,,新聞・新聞チラシ
新聞・チラシ、埋立ごみ,チラシ（新聞折込）,,新聞・新聞チラシ
新聞・チラシ、埋立ごみ,網ガラス,収集袋に入らない物は「施設へ搬入」,埋立ごみ - あ
新聞・チラシ、埋立ごみ,板ガラス（網ガラス）,収集袋に入らない物は「施設へ搬入」,埋立ごみ - い
新聞・チラシ、埋立ごみ,印鑑（象牙・水晶製）,,埋立ごみ - い
新聞・チラシ、埋立ごみ,植木鉢（植木ポット）（陶磁器）,,埋立ごみ - う
新聞・チラシ、埋立ごみ,LED電球,,埋立ごみ - え
新聞・チラシ、埋立ごみ,おろし金（陶磁器）,,埋立ごみ - お
新聞・チラシ、埋立ごみ,温度計（アルコール式）,温度表示部分が赤色,埋立ごみ - お
新聞・チラシ、埋立ごみ,カーブミラー,,埋立ごみ - か
新聞・チラシ、埋立ごみ,鏡,,埋立ごみ - か
新聞・チラシ、埋立ごみ,花瓶（ガラス・陶磁器）,,埋立ごみ - か
新聞・チラシ、埋立ごみ,軽石,,埋立ごみ - か
新聞・チラシ、埋立ごみ,瓦,,埋立ごみ - か
新聞・チラシ、埋立ごみ,急須（きゅうす）（陶磁器）,,埋立ごみ - き
新聞・チラシ、埋立ごみ,金魚鉢,,埋立ごみ - き
新聞・チラシ、埋立ごみ,グラウンドゴルフの球,,埋立ごみ - く
新聞・チラシ、埋立ごみ,クリスマスツリーの電球（電球）,,埋立ごみ - く
新聞・チラシ、埋立ごみ,グロー球,,埋立ごみ - く
新聞・チラシ、埋立ごみ,ゲートボールの球,,埋立ごみ - け
新聞・チラシ、埋立ごみ,化粧品の容器（びん（ガラス））,,埋立ごみ - け
新聞・チラシ、埋立ごみ,碁石,,埋立ごみ - こ
新聞・チラシ、埋立ごみ,コップ（ガラス・陶磁器）,,埋立ごみ - こ
新聞・チラシ、埋立ごみ,コンリートがら,,埋立ごみ - こ
新聞・チラシ、埋立ごみ,皿（陶磁器・ガラス製）,,埋立ごみ - さ
新聞・チラシ、埋立ごみ,磁石,,埋立ごみ - し
新聞・チラシ、埋立ごみ,七輪,,埋立ごみ - し
新聞・チラシ、埋立ごみ,自転車のタイヤ・チューブ,,埋立ごみ - し
新聞・チラシ、埋立ごみ,浄水器のカートリッジ,,埋立ごみ - し
新聞・チラシ、埋立ごみ,醤油さし（びん（ガラス））,,埋立ごみ - し
新聞・チラシ、埋立ごみ,食器（ガラス・陶磁器製）,,埋立ごみ - し
新聞・チラシ、埋立ごみ,水槽（収集袋に入る）（ガラス製）,,埋立ごみ - す
新聞・チラシ、埋立ごみ,水中眼鏡（ガラスが使われている物）,,埋立ごみ - す
新聞・チラシ、埋立ごみ,硯（すずり）,,埋立ごみ - す
新聞・チラシ、埋立ごみ,スプーン（陶磁器）,,埋立ごみ - す
新聞・チラシ、埋立ごみ,すり鉢（陶磁器）,,埋立ごみ - す
新聞・チラシ、埋立ごみ,石膏ボード,,埋立ごみ - せ
新聞・チラシ、埋立ごみ,セメント,,埋立ごみ - せ
新聞・チラシ、埋立ごみ,セロハンテープのカッター,,埋立ごみ - せ
新聞・チラシ、埋立ごみ,タイル,,埋立ごみ - た
新聞・チラシ、埋立ごみ,茶碗（陶磁器）,,埋立ごみ - ち
新聞・チラシ、埋立ごみ,漬物石（自然石を除く）,,埋立ごみ - つ
新聞・チラシ、埋立ごみ,壺（陶磁器）,,埋立ごみ - つ
新聞・チラシ、埋立ごみ,手鏡,,埋立ごみ - て
新聞・チラシ、埋立ごみ,砥石,,埋立ごみ - と
新聞・チラシ、埋立ごみ,陶磁器,,埋立ごみ - と
新聞・チラシ、埋立ごみ,土鍋,,埋立ごみ - と
新聞・チラシ、埋立ごみ,土瓶,,埋立ごみ - と
新聞・チラシ、埋立ごみ,塗料の容器（びん（ガラス））,,埋立ごみ - と
新聞・チラシ、埋立ごみ,ナツメ球（豆電球）（球の直径が3㎝未満）,,埋立ごみ - な
新聞・チラシ、埋立ごみ,鍋（陶磁器）,,埋立ごみ - な
新聞・チラシ、埋立ごみ,鍋敷き（ガラス製）,,埋立ごみ - な
新聞・チラシ、埋立ごみ,鍋のふた（ガラスが使われている物使われている物）,,埋立ごみ - な
新聞・チラシ、埋立ごみ,人形ケース（ガラス製）,,埋立ごみ - に
新聞・チラシ、埋立ごみ,粘土（油粘土）,,埋立ごみ - ね
新聞・チラシ、埋立ごみ,粘土（陶芸用）,,埋立ごみ - ね
新聞・チラシ、埋立ごみ,灰,湿らせて出す,埋立ごみ - は
新聞・チラシ、埋立ごみ,灰皿（ガラス・陶磁器）,,埋立ごみ - は
新聞・チラシ、埋立ごみ,鉢（はち）（陶磁器）,,埋立ごみ - は
新聞・チラシ、埋立ごみ,バックミラー,,埋立ごみ - は
新聞・チラシ、埋立ごみ,ハンコ（印鑑）（象牙・水晶）,,埋立ごみ - は
新聞・チラシ、埋立ごみ,ビー玉,,埋立ごみ - ひ
新聞・チラシ、埋立ごみ,火鉢,,埋立ごみ - ひ
新聞・チラシ、埋立ごみ,びん（飲食用以外）,,埋立ごみ - ひ
新聞・チラシ、埋立ごみ,風鈴（ガラス・陶磁器）,,埋立ごみ - ふ
新聞・チラシ、埋立ごみ,ブロック,,埋立ごみ - ふ
新聞・チラシ、埋立ごみ,文鎮（ぶんちん）（陶器・ガラス・石）,,埋立ごみ - ふ
新聞・チラシ、埋立ごみ,ホース,30㎝程度に切る,埋立ごみ - ほ
新聞・チラシ、埋立ごみ,ボーリングの球,,埋立ごみ - ほ
新聞・チラシ、埋立ごみ,ボタン（セラミック・石）,,埋立ごみ - ほ
新聞・チラシ、埋立ごみ,哺乳瓶（耐熱ガラス）,,埋立ごみ - ほ
新聞・チラシ、埋立ごみ,麻雀パイ,,埋立ごみ - ま
新聞・チラシ、埋立ごみ,マグカップ（陶磁器）,,埋立ごみ - ま
新聞・チラシ、埋立ごみ,マグネット,,埋立ごみ - ま
新聞・チラシ、埋立ごみ,豆電球（ナツメ球）（球の直径が3㎝未満）,,埋立ごみ - ま
新聞・チラシ、埋立ごみ,虫眼鏡（ガラス製）,,埋立ごみ - む
新聞・チラシ、埋立ごみ,ランプ,,埋立ごみ - ら
新聞・チラシ、埋立ごみ,ルーペ,,埋立ごみ - る
新聞・チラシ、埋立ごみ,ルームミラー,,埋立ごみ - る
新聞・チラシ、埋立ごみ,煉瓦（れんが）,,埋立ごみ - れ
新聞・チラシ、埋立ごみ,レンゲ（陶磁器）,,埋立ごみ - れ
新聞・チラシ、埋立ごみ,レンズ,,埋立ごみ - れ
その他の紙類,アルミホイルの芯,,あ
その他の紙類,カード（紙製）,,か
その他の紙類,菓子箱（縦横30㎝未満）（紙製）,,か
その他の紙類,紙箱（縦横30㎝未満）,,か
その他の紙類,紙ひも,,か
その他の紙類,紙袋,紙以外の部分は取り除く,か
その他の紙類,画用紙,絵が書いてあってもよい,か
その他の紙類,カレンダーの紙,,か
その他の紙類,緩衝材（かんしょうざい）（紙製）,,か
その他の紙類,薬の袋（紙製）,,く
その他の紙類,コピー用紙,,こ
その他の紙類,米袋,ひもの部分は「燃やすごみ」,こ
その他の紙類,シュレッダーくず,,し
その他の紙類,障子紙,,し
その他の紙類,セロハンテープの芯,,せ
その他の紙類,たばこの箱,,た
その他の紙類,チラシ（新聞折込以外）,,ち
その他の紙類,トイレットペーパーの芯,,と
その他の紙類,のし紙,,の
その他の紙類,ハガキ,圧着はがきは「燃やすごみ」,は
その他の紙類,ひも（紙製）,,ひ
その他の紙類,肥料袋（紙製）,ひもの部分は「燃やすごみ」,ひ
その他の紙類,ファイル（紙製）,,ふ
その他の紙類,封筒,紙以外の部分は取り除く,ふ
その他の紙類,袋（紙製）,,ふ
その他の紙類,付箋紙,,ふ
その他の紙類,包装紙（紙製）,防水加工がしてある物は「燃やすごみ」,ほ
その他の紙類,ポスター,,ほ
その他の紙類,名刺,,め
その他の紙類,ラップの芯（紙製）,,ら
その他の紙類,ルーズリーフ（紙製）,,る
